slug,gap_tipo,prod_status,stag_status,prod_h1,stag_h1,prod_price,stag_price,prod_faq,stag_faq,prod_canonical,stag_canonical,prod_robots,stag_robots,prod_doctor,stag_doctor,prod_schema,stag_schema
,coincide,200,200,Medicina estética con rigor clínico y resultados naturales.,Medicina estética con criterio. Madrid.,"330,00 €; 798,60 €","330,00 €; 798,60 €",Sí,Sí,https://nuvanx.com/,https://staging2.nuvanx.com/,"index, follow, max-image-preview:large","noindex, nofollow",Dr. José Javier Rivera Tejeda,Dr. José Javier Rivera Tejeda,BreadcrumbList; FAQPage; ImageObject; MedicalClinic; MedicalOrganization; OfferCatalog; Organization; Person; Physician; WebPage; WebSite,BreadcrumbList; FAQPage; ImageObject; MedicalClinic; MedicalOrganization; OfferCatalog; Organization; Person; Physician; WebPage; WebSite
madrid/,coincide,200,200,N/D,N/D,N/D,N/D,No,No,N/D,N/D,N/D,N/D,N/D,N/D,N/D,N/D
madrid/valoracion/,coincide,200,200,N/D,N/D,N/D,N/D,No,No,N/D,N/D,N/D,N/D,N/D,N/D,N/D,N/D
soluciones-medicas/,coincide,200,200,N/D,N/D,N/D,N/D,No,No,N/D,N/D,N/D,N/D,N/D,N/D,N/D,N/D
protocolos-signature/,coincide,200,200,N/D,N/D,N/D,N/D,No,No,N/D,N/D,N/D,N/D,N/D,N/D,N/D,N/D
por-que-nuvanx/,coincide,200,200,N/D,N/D,N/D,N/D,No,No,N/D,N/D,N/D,N/D,N/D,N/D,N/D,N/D
inversion-medicina-estetica/,coincide,200,200,N/D,N/D,N/D,N/D,No,No,N/D,N/D,N/D,N/D,N/D,N/D,N/D,N/D
nosotros/,coincide,200,200,N/D,N/D,N/D,N/D,No,No,N/D,N/D,N/D,N/D,N/D,N/D,N/D,N/D
equipo-medico/,coincide,200,200,N/D,N/D,N/D,N/D,No,No,N/D,N/D,N/D,N/D,N/D,N/D,N/D,N/D
contacto/,coincide,200,200,N/D,N/D,N/D,N/D,No,No,N/D,N/D,N/D,N/D,N/D,N/D,N/D,N/D
blog/,coincide,200,200,N/D,N/D,N/D,N/D,No,No,N/D,N/D,N/D,N/D,N/D,N/D,N/D,N/D
clinicas-de-medicina-estetica-nuvanx/,coincide,200,200,N/D,N/D,N/D,N/D,No,No,N/D,N/D,N/D,N/D,N/D,N/D,N/D,N/D
medicina-estetica-chamberi/,coincide,200,200,N/D,N/D,N/D,N/D,No,No,N/D,N/D,N/D,N/D,N/D,N/D,N/D,N/D
medicina-estetica-goya-barrio-salamanca/,coincide,200,200,N/D,N/D,N/D,N/D,No,No,N/D,N/D,N/D,N/D,N/D,N/D,N/D,N/D
clinicas-de-medicina-estetica-nuvanx/medicina-estetica-goya-barrio-salamanca/,inconsistente,200,202,N/D,N/D,N/D,N/D,No,No,N/D,N/D,N/D,N/D,N/D,N/D,N/D,N/D
endolift-facial-papada-mandibula/,inconsistente,202,202,N/D,N/D,N/D,N/D,No,No,N/D,N/D,N/D,N/D,N/D,N/D,N/D,N/D
endolaser-corporal-grasa-localizada/,inconsistente,202,202,N/D,N/D,N/D,N/D,No,No,N/D,N/D,N/D,N/D,N/D,N/D,N/D,N/D
laser-co2-fraccionado-madrid-textura-cicatrices-poro/,inconsistente,200,202,N/D,N/D,N/D,N/D,No,No,N/D,N/D,N/D,N/D,N/D,N/D,N/D,N/D
exion-btl/,inconsistente,202,202,N/D,N/D,N/D,N/D,No,No,N/D,N/D,N/D,N/D,N/D,N/D,N/D,N/D
exion-face/,coincide,200,200,N/D,N/D,N/D,N/D,No,No,N/D,N/D,N/D,N/D,N/D,N/D,N/D,N/D
exion-fractional/,coincide,200,200,N/D,N/D,N/D,N/D,No,No,N/D,N/D,N/D,N/D,N/D,N/D,N/D,N/D
exion-body/,drift_falta_produccion,404,200,N/D,N/D,N/D,N/D,No,No,N/D,N/D,N/D,N/D,N/D,N/D,N/D,N/D
emfusion/,inconsistente,404,202,N/D,N/D,N/D,N/D,No,No,N/D,N/D,N/D,N/D,N/D,N/D,N/D,N/D
btl-exilite-ipl-madrid/,coincide,200,200,N/D,N/D,N/D,N/D,No,No,N/D,N/D,N/D,N/D,N/D,N/D,N/D,N/D
medicina-estetica-laser/,coincide,200,200,N/D,N/D,N/D,N/D,No,No,N/D,N/D,N/D,N/D,N/D,N/D,N/D,N/D
medicina-estetica/,coincide,200,200,N/D,N/D,N/D,N/D,No,No,N/D,N/D,N/D,N/D,N/D,N/D,N/D,N/D
estetica-avanzada/,coincide,200,200,N/D,N/D,N/D,N/D,No,No,N/D,N/D,N/D,N/D,N/D,N/D,N/D,N/D
bioestimuladores-colageno-madrid/,coincide,200,200,N/D,N/D,N/D,N/D,No,No,N/D,N/D,N/D,N/D,N/D,N/D,N/D,N/D
ojeras-surco-lagrimal-madrid/,coincide,200,200,N/D,N/D,N/D,N/D,No,No,N/D,N/D,N/D,N/D,N/D,N/D,N/D,N/D
rinomodelacion-sin-cirugia-madrid/,inconsistente,202,202,N/D,N/D,N/D,N/D,No,No,N/D,N/D,N/D,N/D,N/D,N/D,N/D,N/D
labios-acido-hialuronico-madrid/,inconsistente,202,202,N/D,N/D,N/D,N/D,No,No,N/D,N/D,N/D,N/D,N/D,N/D,N/D,N/D
remodelacion-corporal-laser-madrid/,inconsistente,202,202,N/D,N/D,N/D,N/D,No,No,N/D,N/D,N/D,N/D,N/D,N/D,N/D,N/D
tratamiento-postparto-abdomen-contorno-corporal-madrid/,inconsistente,202,202,N/D,N/D,N/D,N/D,No,No,N/D,N/D,N/D,N/D,N/D,N/D,N/D,N/D
papada-definicion-mandibular-madrid/,inconsistente,202,202,N/D,N/D,N/D,N/D,No,No,N/D,N/D,N/D,N/D,N/D,N/D,N/D,N/D
calidad-piel-firmeza-luminosidad-madrid/,inconsistente,202,202,N/D,N/D,N/D,N/D,No,No,N/D,N/D,N/D,N/D,N/D,N/D,N/D,N/D
cicatrices-acne-poros-textura-madrid/,inconsistente,202,202,N/D,N/D,N/D,N/D,No,No,N/D,N/D,N/D,N/D,N/D,N/D,N/D,N/D
manchas-rojeces-fotorejuvenecimiento-ipl-madrid/,inconsistente,202,Error,N/D,N/D,N/D,N/D,No,No,N/D,N/D,N/D,N/D,N/D,N/D,N/D,N/D
grasa-localizada-abdomen-flancos-madrid/,inconsistente,202,202,N/D,N/D,N/D,N/D,No,No,N/D,N/D,N/D,N/D,N/D,N/D,N/D,N/D
flacidez-grasa-localizada-brazos-madrid/,inconsistente,202,202,N/D,N/D,N/D,N/D,No,No,N/D,N/D,N/D,N/D,N/D,N/D,N/D,N/D
grasa-espalda-zona-sujetador-madrid/,inconsistente,202,202,N/D,N/D,N/D,N/D,No,No,N/D,N/D,N/D,N/D,N/D,N/D,N/D,N/D
flacidez-muslos-internos-subgluteo-madrid/,inconsistente,202,202,N/D,N/D,N/D,N/D,No,No,N/D,N/D,N/D,N/D,N/D,N/D,N/D,N/D
tratamiento-rodillas-grasa-flacidez-madrid/,inconsistente,Error,202,N/D,N/D,N/D,N/D,No,No,N/D,N/D,N/D,N/D,N/D,N/D,N/D,N/D
contorno-corporal-masculino-madrid/,inconsistente,202,202,N/D,N/D,N/D,N/D,No,No,N/D,N/D,N/D,N/D,N/D,N/D,N/D,N/D
gracias/,inconsistente,202,202,N/D,N/D,N/D,N/D,No,No,N/D,N/D,N/D,N/D,N/D,N/D,N/D,N/D
politica-de-cookies-ue/,inconsistente,202,202,N/D,N/D,N/D,N/D,No,No,N/D,N/D,N/D,N/D,N/D,N/D,N/D,N/D
politica-privacidad/,inconsistente,202,202,N/D,N/D,N/D,N/D,No,No,N/D,N/D,N/D,N/D,N/D,N/D,N/D,N/D
aviso-legal/,inconsistente,202,202,N/D,N/D,N/D,N/D,No,No,N/D,N/D,N/D,N/D,N/D,N/D,N/D,N/D
politica-de-cookies/,inconsistente,202,202,N/D,N/D,N/D,N/D,No,No,N/D,N/D,N/D,N/D,N/D,N/D,N/D,N/D
mas-informacion-sobre-las-cookies/,inconsistente,202,202,N/D,N/D,N/D,N/D,No,No,N/D,N/D,N/D,N/D,N/D,N/D,N/D,N/D
casos-de-pacientes/,inconsistente,202,202,N/D,N/D,N/D,N/D,No,No,N/D,N/D,N/D,N/D,N/D,N/D,N/D,N/D
tratamientos/,inconsistente,202,202,N/D,N/D,N/D,N/D,No,No,N/D,N/D,N/D,N/D,N/D,N/D,N/D,N/D
