slug,prod_status,stag_status
,Timeout,Timeout
madrid/,Timeout,Timeout
madrid/valoracion/,Timeout,Timeout
soluciones-medicas/,Timeout,Timeout
protocolos-signature/,Timeout,Timeout
por-que-nuvanx/,Timeout,Timeout
inversion-medicina-estetica/,Timeout,Timeout
nosotros/,Timeout,Timeout
equipo-medico/,Timeout,Timeout
contacto/,Timeout,Timeout
blog/,Timeout,Timeout
clinicas-de-medicina-estetica-nuvanx/,Timeout,Timeout
medicina-estetica-chamberi/,Timeout,Timeout
medicina-estetica-goya-barrio-salamanca/,Timeout,Timeout
clinicas-de-medicina-estetica-nuvanx/medicina-estetica-goya-barrio-salamanca/,Timeout,Timeout
endolift-facial-papada-mandibula/,Timeout,Timeout
endolaser-corporal-grasa-localizada/,Timeout,Timeout
laser-co2-fraccionado-madrid-textura-cicatrices-poro/,Timeout,Timeout
exion-btl/,Timeout,Timeout
exion-face/,Timeout,Timeout
exion-fractional/,Timeout,Timeout
exion-body/,Timeout,Timeout
emfusion/,Timeout,Timeout
btl-exilite-ipl-madrid/,Timeout,Timeout
medicina-estetica-laser/,Timeout,Timeout
medicina-estetica/,Timeout,Timeout
estetica-avanzada/,Timeout,Timeout
bioestimuladores-colageno-madrid/,Timeout,Timeout
ojeras-surco-lagrimal-madrid/,Timeout,Timeout
rinomodelacion-sin-cirugia-madrid/,Timeout,Timeout
labios-acido-hialuronico-madrid/,Timeout,Timeout
remodelacion-corporal-laser-madrid/,Timeout,Timeout
tratamiento-postparto-abdomen-contorno-corporal-madrid/,Timeout,Timeout
papada-definicion-mandibular-madrid/,Timeout,Timeout
calidad-piel-firmeza-luminosidad-madrid/,Timeout,Timeout
cicatrices-acne-poros-textura-madrid/,Timeout,Timeout
manchas-rojeces-fotorejuvenecimiento-ipl-madrid/,Timeout,Timeout
grasa-localizada-abdomen-flancos-madrid/,Timeout,Timeout
flacidez-grasa-localizada-brazos-madrid/,Timeout,Timeout
grasa-espalda-zona-sujetador-madrid/,Timeout,Timeout
flacidez-muslos-internos-subgluteo-madrid/,Timeout,Timeout
tratamiento-rodillas-grasa-flacidez-madrid/,Timeout,Timeout
contorno-corporal-masculino-madrid/,Timeout,Timeout
gracias/,Timeout,Timeout
politica-de-cookies-ue/,Timeout,Timeout
politica-privacidad/,Timeout,Timeout
aviso-legal/,Timeout,Timeout
politica-de-cookies/,Timeout,Timeout
mas-informacion-sobre-las-cookies/,Timeout,Timeout
casos-de-pacientes/,Timeout,Timeout
tratamientos/,Timeout,Timeout
